{
  "aa_frac_A": {
    "mean_train": 0.07240460590461495,
    "std_train": 0.07730878143827896
  },
  "aa_frac_C": {
    "mean_train": 0.03753736199990875,
    "std_train": 0.06620920083797738
  },
  "aa_frac_D": {
    "mean_train": 0.03574120036045592,
    "std_train": 0.04849840806218555
  },
  "aa_frac_E": {
    "mean_train": 0.043933969948422906,
    "std_train": 0.05581449554032277
  },
  "aa_frac_F": {
    "mean_train": 0.03779430345061932,
    "std_train": 0.05419129714032895
  },
  "aa_frac_G": {
    "mean_train": 0.07638136540460168,
    "std_train": 0.06925806241597944
  },
  "aa_frac_H": {
    "mean_train": 0.02003118015675335,
    "std_train": 0.04013974248273722
  },
  "aa_frac_I": {
    "mean_train": 0.05278640694710095,
    "std_train": 0.06068694226654296
  },
  "aa_frac_K": {
    "mean_train": 0.08908819984593176,
    "std_train": 0.09065729707948753
  },
  "aa_frac_L": {
    "mean_train": 0.09205586366529629,
    "std_train": 0.08294695485032096
  },
  "aa_frac_M": {
    "mean_train": 0.01582796181264919,
    "std_train": 0.030975265471874566
  },
  "aa_frac_N": {
    "mean_train": 0.041449989477888256,
    "std_train": 0.051259832655899534
  },
  "aa_frac_P": {
    "mean_train": 0.04308791052655725,
    "std_train": 0.0639880282209995
  },
  "aa_frac_Q": {
    "mean_train": 0.03500749065789508,
    "std_train": 0.04816264885152656
  },
  "aa_frac_R": {
    "mean_train": 0.08796229074187645,
    "std_train": 0.0968307707487217
  },
  "aa_frac_S": {
    "mean_train": 0.05436202898162171,
    "std_train": 0.06099927663502698
  },
  "aa_frac_T": {
    "mean_train": 0.04465695447496046,
    "std_train": 0.05496995498930801
  },
  "aa_frac_V": {
    "mean_train": 0.058938003369402296,
    "std_train": 0.061712983192126813
  },
  "aa_frac_W": {
    "mean_train": 0.028309377986436773,
    "std_train": 0.05947080931296924
  },
  "aa_frac_Y": {
    "mean_train": 0.03264353428700663,
    "std_train": 0.04634736742440781
  },
  "length": {
    "mean_train": 24.453747192158463,
    "std_train": 13.298451038688288
  },
  "net_charge_pH7": {
    "mean_train": 1.9437099407800695,
    "std_train": 2.9737526904755023
  },
  "hydrophobicity_KD": {
    "mean_train": -0.40103672025399223,
    "std_train": 0.8422594709260545
  },
  "entropy": {
    "mean_train": 3.164722866776458,
    "std_train": 0.6032464897434744
  },
  "dominant_aa_frac": {
    "mean_train": 0.21917174123699537,
    "std_train": 0.0973853998598637
  }
}